<?xml version="1.0" ?>
<manifest identifier="O4BQSpFOrEH0Knm5-bn-SauKxHiRj7n8kF8fLC6g" version="1"
  xmlns="http://www.imsproject.org/xsd/imscp_rootv1p1p2"
  xmlns:adlcp="http://www.adlnet.org/xsd/adlcp_rootv1p2"
  xmlns:xsi="http://www.w3.org/2001/XMLSchema-instance"
  xsi:schemaLocation="http://www.imsproject.org/xsd/imscp_rootv1p1p2 imscp_rootv1p1p2.xsd
                      http://www.adlnet.org/xsd/adlcp_rootv1p2 adlcp_rootv1p2.xsd">
  <metadata>
    <schema>ADL SCORM</schema>
    <schemaversion>1.2</schemaversion>
    <adlcp:location>metadata.xml</adlcp:location>
  </metadata>
  <organizations default="articulate_rise">
      <organization identifier="articulate_rise">
      <title>Get to Know Consumerism</title>
      <item identifier="i1" identifierref="r1" isvisible="true">
        <title>Get to Know Consumerism</title>
        <adlcp:datafromlms>eyJjcHYiOiJrRjhmTEM2ZyIsInJsZCI6ZmFsc2V9</adlcp:datafromlms>
      </item>
    </organization>
  </organizations>
  <resources>
    <resource identifier="r1" type="webcontent" adlcp:scormtype="sco" href="scormdriver/indexAPI.html">
      <!-- SCORMDRIVER STUFF -->
      <file href="scormdriver/indexAPI.html" />
      <file href="scormdriver/preloadIntegrity.js" />
      <file href="scormdriver/driverOptions.js" />
      <file href="scormdriver/AICCComm.html" />
      <file href="scormdriver/auto-scripts/AutoBookmark.js" />
      <file href="scormdriver/auto-scripts/AutoCompleteSCO.js" />
      <file href="scormdriver/auto-scripts/CourseExit.js" />
      <file href="scormdriver/blank.html" />
      <file href="scormdriver/goodbye.html" />
      <file href="scormdriver/scormdriver.js" />
      <file href="scormdriver/browsersniff.js" />

      <!-- RUNTIME COMMON STUFF -->
      <file href="scormcontent/index.html" />
      <file href="scormcontent/lib/main.bundle.js"/>

      
        <file href="scormcontent/lib/fonts/icomoon.ttf"/>
        <file href="scormcontent/lib/fonts/icomoon.woff"/>

        <file href="scormcontent/lib/icomoon.css"/>
        <file href="scormcontent/lib/main.bundle.css"/>
        <file href="scormcontent/lib/player-0.0.11.min.js"/>
        <file href="scormcontent/lib/lzwcompress.js"/>
      

      <!-- RUNTIME CONTENT STUFF -->
      <file href="scormcontent/lib/fonts/DMSans-BoldItalic.woff" />
<file href="scormcontent/lib/fonts/DMSans-Bold.woff" />
<file href="scormcontent/lib/fonts/DMSans-Italic.woff" />
<file href="scormcontent/lib/fonts/DMSans-Regular.woff" />
<file href="scormcontent/lib/fonts/Lato-Black.woff" />
<file href="scormcontent/lib/fonts/Lato-Italic.woff" />
<file href="scormcontent/lib/fonts/Lato-Bold.woff" />
<file href="scormcontent/lib/fonts/Lato-Regular.woff" />
<file href="scormcontent/lib/fonts/Lato-Light.woff" />
<file href="scormcontent/lib/fonts/Oswald-Bold.woff" />
<file href="scormcontent/lib/fonts/Oswald-Regular.woff" />
<file href="scormcontent/lib/fonts/Oswald-Light.woff" />
<file href="scormcontent/assets/IQvv58VaT_pryaY8_small.png" />
<file href="scormcontent/assets/Wrc78yWq-dHCn9GG_0sNU2gHCLRGAa1oV.png" />
<file href="scormcontent/assets/yn5gINFPg-qJw8j4_transcoded-lppXaSIpolcM2Gok-Y2Mate-00001.png" />
<file href="scormcontent/assets/0xomEPnv9O6icfCn_transcoded-lppXaSIpolcM2Gok-Y2Mate.mp4" />
<file href="scormcontent/assets/c--XXU2WS7Jmw4pj_q7FK5BjJcajpUOcC.png" />
<file href="scormcontent/assets/XrpJTVudFR2L2ilV_H2YpaTTaXvb7bPWo.jpg" />
<file href="scormcontent/assets/AHEEg4i2_75Hjorb_gvLiOURYPr9nJBB-.jpg" />
<file href="scormcontent/assets/BCZ5nQxJKGQwLl8W_QZvbeLXih5-vq7PM.jpg" />
<file href="scormcontent/assets/W1I15SfuzUJah_pU_SppCNO8w-CS_JNqy.jpg" />
<file href="scormcontent/assets/FX0Hu2xSTQO7IxqT_E3aYDQRV_iJnpekj.jpg" />
<file href="scormcontent/assets/vFela_vLJWOG9iaV_31_wfh.jpg" />
<file href="scormcontent/assets/Y1bPL37mGe17Fhiu_example-header-image.jpg" />

    </resource>
  </resources>
</manifest>
